pair,elapsed_bin,direction,period,orders,filled,decided,wins,fill_rate,win_rate,avg_pips,ev_signal
USD_JPY,31-60m,-1,test,7.0,6.0,6.0,2.0,0.8571428571428571,0.3333333333333333,-2.75,-2.357142857142857
USD_JPY,31-60m,-1,train,26.0,17.0,17.0,10.0,0.6538461538461539,0.5882352941176471,0.9941176470588234,0.6499999999999999
USD_JPY,31-60m,1,test,2.0,2.0,2.0,1.0,1.0,0.5,0.5999999999999999,0.5999999999999999
USD_JPY,31-60m,1,train,21.0,15.0,15.0,8.0,0.7142857142857143,0.5333333333333333,0.19333333333333289,0.13809523809523777
USD_JPY,61-180m,-1,test,159.0,130.0,130.0,42.0,0.8176100628930818,0.3230769230769231,-1.62,-1.3245283018867926
USD_JPY,61-180m,-1,train,1115.0,599.0,599.0,211.0,0.537219730941704,0.35225375626043404,-1.144908180300501,-0.6150672645739911
USD_JPY,61-180m,1,test,206.0,176.0,176.0,64.0,0.8543689320388349,0.36363636363636365,-1.5977272727272729,-1.3650485436893207
USD_JPY,61-180m,1,train,754.0,522.0,522.0,220.0,0.6923076923076923,0.421455938697318,-0.49865900383141754,-0.3452254641909814
USD_JPY,181-360m,-1,test,127.0,120.0,120.0,37.0,0.9448818897637795,0.30833333333333335,-1.5525,-1.4669291338582677
USD_JPY,181-360m,-1,train,2452.0,1691.0,1691.0,1354.0,0.6896411092985318,0.8007096392667061,3.918391484328801,2.7022838499184347
USD_JPY,181-360m,1,test,297.0,152.0,152.0,70.0,0.5117845117845118,0.4605263157894737,0.2894736842105261,0.14814814814814803
USD_JPY,181-360m,1,train,1749.0,660.0,660.0,291.0,0.37735849056603776,0.4409090909090909,0.404090909090909,0.1524871355060034
USD_JPY,361-720m,-1,test,66.0,65.0,65.0,18.0,0.9848484848484849,0.27692307692307694,-1.924615384615385,-1.8954545454545457
USD_JPY,361-720m,-1,train,424.0,167.0,167.0,60.0,0.3938679245283019,0.3592814371257485,-0.4371257485029942,-0.1721698113207548
USD_JPY,361-720m,1,test,157.0,81.0,81.0,37.0,0.5159235668789809,0.4567901234567901,0.5061728395061729,0.2611464968152866
USD_JPY,361-720m,1,train,494.0,279.0,277.0,120.0,0.5647773279352226,0.4332129963898917,0.014079422382671295,0.00789473684210516
USD_JPY,721-1440m,-1,test,20.0,20.0,20.0,12.0,1.0,0.6,3.009999999999999,3.009999999999999
USD_JPY,721-1440m,-1,train,175.0,34.0,34.0,14.0,0.19428571428571428,0.4117647058823529,0.12647058823529403,0.024571428571428557
USD_JPY,721-1440m,1,test,676.0,632.0,632.0,597.0,0.9349112426035503,0.944620253164557,12.382594936708859,11.57662721893491
USD_JPY,721-1440m,1,train,281.0,167.0,167.0,49.0,0.594306049822064,0.2934131736526946,-2.3640718562874254,-1.4049822064056943
USD_JPY,1441-2880m,-1,train,674.0,52.0,52.0,28.0,0.0771513353115727,0.5384615384615384,3.5250000000000004,0.2719584569732938
USD_JPY,1441-2880m,1,test,52.0,46.0,46.0,15.0,0.8846153846153846,0.32608695652173914,-1.2413043478260868,-1.098076923076923
USD_JPY,1441-2880m,1,train,181.0,65.0,65.0,40.0,0.35911602209944754,0.6153846153846154,2.3,0.8259668508287292
USD_JPY,2881-4320m,-1,test,3.0,3.0,3.0,0.0,1.0,0.0,-7.900000000000001,-7.900000000000001
USD_JPY,2881-4320m,-1,train,143.0,41.0,41.0,24.0,0.2867132867132867,0.5853658536585366,2.341463414634146,0.6713286713286714
USD_JPY,2881-4320m,1,test,44.0,32.0,32.0,5.0,0.7272727272727273,0.15625,-4.390625,-3.1931818181818183
USD_JPY,2881-4320m,1,train,127.0,61.0,61.0,23.0,0.48031496062992124,0.3770491803278688,-1.0081967213114755,-0.4842519685039371
USD_JPY,4321-7200m,-1,test,41.0,10.0,10.0,7.0,0.24390243902439024,0.7,7.499999999999998,1.8292682926829265
USD_JPY,4321-7200m,-1,train,69.0,33.0,33.0,14.0,0.4782608695652174,0.42424242424242425,1.727272727272727,0.826086956521739
USD_JPY,4321-7200m,1,test,62.0,29.0,29.0,12.0,0.46774193548387094,0.41379310344827586,-0.7655172413793107,-0.3580645161290324
USD_JPY,4321-7200m,1,train,76.0,40.0,40.0,22.0,0.5263157894736842,0.55,3.1925,1.680263157894737
USD_JPY,7201-10080m,-1,test,3.0,3.0,3.0,0.0,1.0,0.0,-7.900000000000001,-7.900000000000001
USD_JPY,7201-10080m,-1,train,5.0,5.0,5.0,2.0,1.0,0.4,0.7399999999999999,0.7399999999999999
USD_JPY,7201-10080m,1,test,19.0,16.0,16.0,6.0,0.8421052631578947,0.375,-2.3375000000000004,-1.9684210526315793
USD_JPY,7201-10080m,1,train,3.0,3.0,3.0,0.0,1.0,0.0,-7.900000000000001,-7.900000000000001
USD_JPY,10081-15000m,-1,train,2.0,2.0,2.0,0.0,1.0,0.0,-7.9,-7.9
USD_JPY,10081-15000m,1,test,6.0,4.0,4.0,3.0,0.6666666666666666,0.75,6.125,4.083333333333333
USD_JPY,10081-15000m,1,train,14.0,12.0,12.0,5.0,0.8571428571428571,0.4166666666666667,0.13333333333333316,0.11428571428571413
USD_JPY,15001m+,-1,train,3.0,3.0,3.0,1.0,1.0,0.3333333333333333,-2.1333333333333333,-2.1333333333333333
USD_JPY,15001m+,1,test,24.0,23.0,23.0,11.0,0.9583333333333334,0.4782608695652174,1.169565217391304,1.120833333333333
USD_JPY,15001m+,1,train,17.0,17.0,17.0,9.0,1.0,0.5294117647058824,0.7294117647058822,0.7294117647058822
USD_JPY,no_touch_in_history,-1,train,2.0,2.0,2.0,1.0,1.0,0.5,2.8999999999999995,2.8999999999999995
USD_JPY,no_touch_in_history,1,test,653.0,628.0,628.0,14.0,0.9617151607963247,0.022292993630573247,-5.1734076433121015,-4.975344563552833
USD_JPY,no_touch_in_history,1,train,43.0,39.0,39.0,17.0,0.9069767441860465,0.4358974358974359,1.0256410256410258,0.9302325581395351
EUR_USD,31-60m,-1,test,38.0,31.0,31.0,14.0,0.8157894736842105,0.45161290322580644,-0.24838709677419352,-0.2026315789473684
EUR_USD,31-60m,-1,train,94.0,70.0,70.0,30.0,0.7446808510638298,0.42857142857142855,-0.5099999999999999,-0.37978723404255316
EUR_USD,31-60m,1,test,32.0,25.0,25.0,9.0,0.78125,0.36,-1.5719999999999998,-1.228125
EUR_USD,31-60m,1,train,100.0,79.0,79.0,36.0,0.79,0.45569620253164556,-0.029113924050632966,-0.02300000000000004
EUR_USD,61-180m,-1,test,970.0,577.0,576.0,199.0,0.5948453608247423,0.3454861111111111,-1.3859374999999998,-0.8229896907216493
EUR_USD,61-180m,-1,train,4323.0,1831.0,1831.0,682.0,0.42354846171640065,0.3724740578918624,-0.8215182960131074,-0.34795281054823035
EUR_USD,61-180m,1,test,2625.0,668.0,667.0,233.0,0.25447619047619047,0.3493253373313343,-1.4316341829085455,-0.3637714285714285
EUR_USD,61-180m,1,train,5443.0,1995.0,1994.0,693.0,0.3665258129707882,0.347542627883651,-0.9720661985957872,-0.3561087635495131
EUR_USD,181-360m,-1,test,1733.0,528.0,528.0,204.0,0.3046739757645701,0.38636363636363635,-0.6543560606060606,-0.19936526255049047
EUR_USD,181-360m,-1,train,4500.0,1510.0,1509.0,586.0,0.33555555555555555,0.388336646785951,-0.30702451954937043,-0.10295555555555555
EUR_USD,181-360m,1,test,844.0,500.0,500.0,144.0,0.5924170616113744,0.288,-2.4701999999999997,-1.463388625592417
EUR_USD,181-360m,1,train,6755.0,1643.0,1641.0,516.0,0.24322723908216137,0.31444241316270566,-1.425167580743449,-0.34621761658031086
EUR_USD,361-720m,-1,test,667.0,309.0,309.0,110.0,0.46326836581709147,0.3559870550161812,-1.501294498381877,-0.6955022488755622
EUR_USD,361-720m,-1,train,3198.0,1414.0,1414.0,936.0,0.442151344590369,0.6619519094766619,6.008698727015558,2.6567542213883675
EUR_USD,361-720m,1,test,521.0,242.0,239.0,45.0,0.46449136276391556,0.18828451882845187,-3.6514644351464427,-1.6750479846449133
EUR_USD,361-720m,1,train,4100.0,931.0,931.0,356.0,0.22707317073170732,0.38238453276047263,-0.5499462943071964,-0.12487804878048778
EUR_USD,721-1440m,-1,test,376.0,192.0,192.0,82.0,0.5106382978723404,0.4270833333333333,0.7203125,0.36781914893617024
EUR_USD,721-1440m,-1,train,977.0,536.0,536.0,167.0,0.548618219037871,0.31156716417910446,-1.5764925373134329,-0.8648925281473899
EUR_USD,721-1440m,1,test,163.0,103.0,103.0,29.0,0.6319018404907976,0.2815533980582524,-1.660194174757282,-1.0490797546012272
EUR_USD,721-1440m,1,train,666.0,461.0,461.0,159.0,0.6921921921921922,0.34490238611713664,-1.157700650759219,-0.8013513513513513
EUR_USD,1441-2880m,-1,test,144.0,71.0,71.0,29.0,0.4930555555555556,0.4084507042253521,0.025352112676056273,0.012499999999999968
EUR_USD,1441-2880m,-1,train,496.0,242.0,242.0,71.0,0.4879032258064516,0.29338842975206614,-1.3301652892561981,-0.6489919354838709
EUR_USD,1441-2880m,1,test,761.0,99.0,99.0,18.0,0.13009198423127463,0.18181818181818182,-4.290909090909091,-0.5582128777923785
EUR_USD,1441-2880m,1,train,1598.0,253.0,253.0,78.0,0.1583229036295369,0.308300395256917,-1.1513833992094862,-0.1822903629536921
EUR_USD,2881-4320m,-1,test,205.0,118.0,118.0,27.0,0.5756097560975609,0.2288135593220339,-2.7864406779661017,-1.6039024390243903
EUR_USD,2881-4320m,-1,train,814.0,333.0,327.0,135.0,0.4090909090909091,0.41284403669724773,-0.4159021406727828,-0.16707616707616704
EUR_USD,2881-4320m,1,test,790.0,126.0,126.0,52.0,0.15949367088607594,0.4126984126984127,0.02539682539682545,0.004050632911392413
EUR_USD,2881-4320m,1,train,621.0,307.0,307.0,88.0,0.4943639291465378,0.28664495114006516,-2.4495114006514656,-1.2109500805152977
EUR_USD,4321-7200m,-1,test,191.0,109.0,108.0,60.0,0.5706806282722513,0.5555555555555556,3.705555555555556,2.0952879581151835
EUR_USD,4321-7200m,-1,train,976.0,159.0,159.0,58.0,0.16290983606557377,0.36477987421383645,-0.5232704402515723,-0.08524590163934427
EUR_USD,4321-7200m,1,test,160.0,70.0,70.0,10.0,0.4375,0.14285714285714285,-4.6171428571428565,-2.02
EUR_USD,4321-7200m,1,train,833.0,118.0,118.0,43.0,0.14165666266506602,0.3644067796610169,0.1618644067796611,0.022929171668667477
EUR_USD,7201-10080m,-1,test,66.0,34.0,32.0,9.0,0.5151515151515151,0.28125,-2.025,-0.9818181818181818
EUR_USD,7201-10080m,-1,train,205.0,99.0,99.0,45.0,0.48292682926829267,0.45454545454545453,1.6111111111111116,0.7780487804878051
EUR_USD,7201-10080m,1,test,105.0,58.0,58.0,21.0,0.5523809523809524,0.3620689655172414,-0.4293103448275862,-0.23714285714285713
EUR_USD,7201-10080m,1,train,285.0,148.0,148.0,29.0,0.519298245614035,0.19594594594594594,-3.5716216216216217,-1.8547368421052632
EUR_USD,10081-15000m,-1,test,57.0,30.0,30.0,14.0,0.5263157894736842,0.4666666666666667,2.526666666666666,1.3298245614035085
EUR_USD,10081-15000m,-1,train,791.0,95.0,93.0,43.0,0.12010113780025285,0.46236559139784944,1.5903225806451613,0.18697850821744627
EUR_USD,10081-15000m,1,test,75.0,49.0,49.0,5.0,0.6533333333333333,0.10204081632653061,-5.385714285714285,-3.5186666666666664
EUR_USD,10081-15000m,1,train,263.0,158.0,158.0,98.0,0.6007604562737643,0.620253164556962,4.7082278481012665,2.82851711026616
EUR_USD,15001m+,-1,test,55.0,25.0,25.0,10.0,0.45454545454545453,0.4,1.0759999999999998,0.4890909090909091
EUR_USD,15001m+,-1,train,162.0,73.0,73.0,29.0,0.4506172839506173,0.3972602739726027,0.06712328767123275,0.03024691358024686
EUR_USD,15001m+,1,test,55.0,22.0,22.0,0.0,0.4,0.0,-7.5,-3.0
EUR_USD,15001m+,1,train,48.0,23.0,23.0,9.0,0.4791666666666667,0.391304347826087,0.8652173913043477,0.4145833333333333
EUR_USD,no_touch_in_history,-1,test,880.0,110.0,110.0,37.0,0.125,0.33636363636363636,-0.6809090909090912,-0.0851136363636364
EUR_USD,no_touch_in_history,-1,train,509.0,205.0,205.0,50.0,0.4027504911591356,0.24390243902439024,-2.4863414634146346,-1.001375245579568
EUR_USD,no_touch_in_history,1,test,114.0,80.0,80.0,30.0,0.7017543859649122,0.375,0.2912500000000001,0.2043859649122808
EUR_USD,no_touch_in_history,1,train,371.0,188.0,188.0,78.0,0.5067385444743935,0.4148936170212766,0.7143617021276596,0.3619946091644205
AUD_USD,31-60m,-1,test,4.0,3.0,3.0,1.0,0.75,0.3333333333333333,-2.766666666666667,-2.075
AUD_USD,31-60m,-1,train,13.0,6.0,6.0,3.0,0.46153846153846156,0.5,1.7000000000000004,0.7846153846153848
AUD_USD,31-60m,1,test,4.0,2.0,2.0,1.0,0.5,0.5,-0.40000000000000036,-0.20000000000000018
AUD_USD,31-60m,1,train,15.0,12.0,12.0,8.0,0.8,0.6666666666666666,1.433333333333333,1.1466666666666663
AUD_USD,61-180m,-1,test,239.0,109.0,109.0,49.0,0.4560669456066946,0.44954128440366975,-0.9183486238532109,-0.4188284518828452
AUD_USD,61-180m,-1,train,583.0,307.0,306.0,152.0,0.5265866209262435,0.49673202614379086,0.15555555555555536,0.0816466552315608
AUD_USD,61-180m,1,test,244.0,148.0,148.0,50.0,0.6065573770491803,0.33783783783783783,-2.033108108108108,-1.2331967213114754
AUD_USD,61-180m,1,train,513.0,310.0,310.0,102.0,0.6042884990253411,0.32903225806451614,-1.988064516129032,-1.2013645224171539
AUD_USD,181-360m,-1,test,362.0,156.0,155.0,69.0,0.430939226519337,0.44516129032258067,0.044516129032257906,0.019060773480662915
AUD_USD,181-360m,-1,train,1552.0,1033.0,1030.0,763.0,0.6655927835051546,0.7407766990291262,4.906504854368933,3.2562500000000005
AUD_USD,181-360m,1,test,953.0,157.0,157.0,71.0,0.16474291710388247,0.45222929936305734,-0.41146496815286665,-0.06778593913955935
AUD_USD,181-360m,1,train,1806.0,427.0,427.0,173.0,0.2364341085271318,0.405152224824356,-0.5625292740046839,-0.13300110741971208
AUD_USD,361-720m,-1,test,245.0,145.0,145.0,60.0,0.5918367346938775,0.41379310344827586,-0.4400000000000004,-0.26040816326530636
AUD_USD,361-720m,-1,train,1411.0,352.0,350.0,140.0,0.24946846208362863,0.4,-0.7397142857142858,-0.1834868887313962
AUD_USD,361-720m,1,test,811.0,670.0,670.0,26.0,0.8261405672009864,0.03880597014925373,-5.08731343283582,-4.202836004932181
AUD_USD,361-720m,1,train,1364.0,337.0,336.0,123.0,0.2470674486803519,0.36607142857142855,-1.2270833333333335,-0.3022727272727273
AUD_USD,721-1440m,-1,test,108.0,61.0,61.0,33.0,0.5648148148148148,0.5409836065573771,0.985245901639344,0.5564814814814814
AUD_USD,721-1440m,-1,train,408.0,218.0,218.0,84.0,0.5343137254901961,0.3853211009174312,-0.8238532110091744,-0.4401960784313726
AUD_USD,721-1440m,1,test,125.0,61.0,61.0,31.0,0.488,0.5081967213114754,1.8147540983606556,0.8855999999999999
AUD_USD,721-1440m,1,train,1588.0,733.0,733.0,51.0,0.4615869017632242,0.06957708049113233,-6.590313778990451,-3.042002518891688
AUD_USD,1441-2880m,-1,test,94.0,36.0,36.0,7.0,0.3829787234042553,0.19444444444444445,-3.0111111111111115,-1.1531914893617023
AUD_USD,1441-2880m,-1,train,167.0,77.0,77.0,9.0,0.46107784431137727,0.11688311688311688,-4.859740259740259,-2.240718562874251
AUD_USD,1441-2880m,1,test,81.0,27.0,27.0,2.0,0.3333333333333333,0.07407407407407407,-6.181481481481482,-2.060493827160494
AUD_USD,1441-2880m,1,train,787.0,67.0,67.0,41.0,0.08513341804320203,0.6119402985074627,3.0313432835820895,0.25806861499364675
AUD_USD,2881-4320m,-1,test,140.0,48.0,48.0,37.0,0.34285714285714286,0.7708333333333334,5.829166666666667,1.9985714285714287
AUD_USD,2881-4320m,-1,train,415.0,117.0,117.0,29.0,0.2819277108433735,0.24786324786324787,-2.9965811965811957,-0.8448192771084335
AUD_USD,2881-4320m,1,test,146.0,51.0,51.0,22.0,0.3493150684931507,0.43137254901960786,0.692156862745098,0.2417808219178082
AUD_USD,2881-4320m,1,train,362.0,115.0,115.0,42.0,0.31767955801104975,0.3652173913043478,-1.5921739130434782,-0.5058011049723756
AUD_USD,4321-7200m,-1,test,30.0,9.0,9.0,3.0,0.3,0.3333333333333333,-2.1,-0.6300000000000001
AUD_USD,4321-7200m,-1,train,140.0,43.0,43.0,22.0,0.30714285714285716,0.5116279069767442,0.8534883720930232,0.2621428571428571
AUD_USD,4321-7200m,1,test,66.0,32.0,32.0,8.0,0.48484848484848486,0.25,-2.3593750000000004,-1.1439393939393943
AUD_USD,4321-7200m,1,train,171.0,98.0,98.0,41.0,0.5730994152046783,0.41836734693877553,-0.31530612244897943,-0.1807017543859648
AUD_USD,7201-10080m,-1,test,12.0,12.0,12.0,3.0,1.0,0.25,-3.5999999999999996,-3.5999999999999996
AUD_USD,7201-10080m,-1,train,31.0,23.0,23.0,10.0,0.7419354838709677,0.43478260869565216,-0.2652173913043479,-0.19677419354838716
AUD_USD,7201-10080m,1,test,5.0,5.0,5.0,3.0,1.0,0.6,2.480000000000001,2.480000000000001
AUD_USD,7201-10080m,1,train,39.0,39.0,39.0,13.0,1.0,0.3333333333333333,-1.8487179487179493,-1.8487179487179493
AUD_USD,10081-15000m,-1,test,1.0,1.0,1.0,1.0,1.0,1.0,4.6,4.6
AUD_USD,10081-15000m,-1,train,17.0,17.0,17.0,8.0,1.0,0.47058823529411764,1.252941176470588,1.252941176470588
AUD_USD,10081-15000m,1,test,13.0,13.0,13.0,3.0,1.0,0.23076923076923078,-5.015384615384615,-5.015384615384615
AUD_USD,10081-15000m,1,train,28.0,28.0,28.0,18.0,1.0,0.6428571428571429,3.3107142857142864,3.3107142857142864
AUD_USD,15001m+,-1,test,2.0,2.0,2.0,1.0,1.0,0.5,2.8999999999999995,2.8999999999999995
AUD_USD,15001m+,-1,train,20.0,18.0,18.0,8.0,0.9,0.4444444444444444,1.8388888888888886,1.6549999999999998
AUD_USD,15001m+,1,test,6.0,6.0,6.0,0.0,1.0,0.0,-6.6499999999999995,-6.6499999999999995
AUD_USD,15001m+,1,train,37.0,37.0,30.0,7.0,1.0,0.23333333333333334,-3.0033333333333347,-2.4351351351351362
AUD_USD,no_touch_in_history,-1,test,6.0,6.0,6.0,5.0,1.0,0.8333333333333334,7.95,7.95
AUD_USD,no_touch_in_history,-1,train,54.0,35.0,35.0,6.0,0.6481481481481481,0.17142857142857143,-4.034285714285715,-2.614814814814815
AUD_USD,no_touch_in_history,1,test,11.0,11.0,11.0,5.0,1.0,0.45454545454545453,1.5454545454545454,1.5454545454545454
AUD_USD,no_touch_in_history,1,train,144.0,118.0,116.0,29.0,0.8194444444444444,0.25,-3.23706896551724,-2.607638888888888
